,Supplier_Lead_Time,Inventory_Levels,Order_Frequency,Delivery_Performance,Cost_Per_Unit
Supplier_Lead_Time,1.0,0.18830284327896868,-0.9215569582209305,-0.9338290786639707,0.9678095717433072
Inventory_Levels,0.18830284327896868,1.0,-0.24396275819637925,-0.14720209048613395,0.137366693088847
Order_Frequency,-0.9215569582209305,-0.24396275819637925,1.0,0.8510929798243365,-0.9042457655771577
Delivery_Performance,-0.9338290786639707,-0.14720209048613395,0.8510929798243365,1.0,-0.9198116587480034
Cost_Per_Unit,0.9678095717433072,0.137366693088847,-0.9042457655771577,-0.9198116587480034,1.0
